OBJECTID,District,Supervisor,Shape_Length,Shape_Area
1,DIST-1,Joe Morocco,19729.591714028487,20371676.462446157
2,DIST-2,Juan Gonzalez,23059.481573435714,19427525.645907935
